
-- -----------------------------------------------------
-- Data for table `projetportailspringdb`.`Utilisateur`
-- -----------------------------------------------------
START TRANSACTION;
USE `projetportailspringdb`;
INSERT INTO `projetportailspringdb`.`Utilisateur` (`id_utilisateur`, `ancien`, `codep`, `date_naissance`, `email`, `nom`, `prenom`, `username`, `password`, `programme`, `type`, `type_etudiant`) VALUES (1,1,2138934,'2023-12-12','2138934@crosemont.qc.ca','Doe','John','anonymo','pass1234','programmation','etudiant','normal');
INSERT INTO `projetportailspringdb`.`Utilisateur` (`id_utilisateur`, `ancien`, `codep`, `date_naissance`, `email`, `nom`, `prenom`, `username`, `password`, `programme`, `type`, `type_etudiant`) VALUES (2,1,3450923,'2021-09-01','3450923@crosemont.qc.ca','Doe','Jane','anonyma','pass1234','programmation','etudiant','tuteur');
INSERT INTO `projetportailspringdb`.`Utilisateur` (`id_utilisateur`, `ancien`, `codep`, `date_naissance`, `email`, `nom`, `prenom`, `username`, `password`, `programme`, `type`, `type_etudiant`) VALUES (3,0,2145637,'1923-11-22','2145637@crosemont.qc.ca','Dimitrescu','Alcina','bigMom','pass1234','securite','etudiant','normal');
INSERT INTO `projetportailspringdb`.`Utilisateur` (`id_utilisateur`, `ancien`, `codep`, `date_naissance`, `email`, `nom`, `prenom`, `username`, `password`, `programme`, `type`, `type_etudiant`) VALUES (4,1,1378453,'2004-11-01','1378453@crosemont.qc.ca','Lukas','Peter','The Lonely','pass1234','programmation','etudiant','etudiantDifficulte');
INSERT INTO `projetportailspringdb`.`Utilisateur` (`id_utilisateur`, `ancien`, `codep`, `date_naissance`, `email`, `nom`, `prenom`, `username`, `password`, `programme`, `type`, `type_etudiant`) VALUES (5,NULL,9845,'1993-01-24','dummy1@gmail.com','Sims','Jonathan','The Eye','pass1234','programmation','professeur',NULL);
INSERT INTO `projetportailspringdb`.`Utilisateur` (`id_utilisateur`, `ancien`, `codep`, `date_naissance`, `email`, `nom`, `prenom`, `username`, `password`, `programme`, `type`, `type_etudiant`) VALUES (6,NULL,1192,'1993-07-10','idiot2@gmail.com','Blackwood','Martin','The Spiral','pass1234','reseautique','professeur',NULL);
INSERT INTO `projetportailspringdb`.`Utilisateur` (`id_utilisateur`, `ancien`, `codep`, `date_naissance`, `email`, `nom`, `prenom`, `username`, `password`, `programme`, `type`, `type_etudiant`) VALUES (7,NULL,2387,'1993-01-04','baka3@gmail.com','Lacoursiere','Gabriel','Apep','pass1234','reseautique','professeur','tuteur');
INSERT INTO `projetportailspringdb`.`Utilisateur` (`id_utilisateur`, `ancien`, `codep`, `date_naissance`, `email`, `nom`, `prenom`, `username`, `password`, `programme`, `type`, `type_etudiant`) VALUES (8,NULL,8077,'1999-11-19','cretin4@gmail.com','Ahamada','Dini','Cuboid','pass1234','programmation','professeur','tuteur');
INSERT INTO `projetportailspringdb`.`Utilisateur` (`id_utilisateur`, `codep`,`ancien`, `date_naissance`, `email`, `nom`, `prenom`, `username`, `password`, `programme`, `type`, `type_etudiant`) VALUES (9,215100,NULL,NULL,NULL,NULL,NULL,NULL,NULL,NULL,NULL,NULL);

INSERT INTO `projetportailspringdb`.`Utilisateur` (`id_utilisateur`, `codep`,`ancien`, `date_naissance`, `email`, `nom`, `prenom`, `username`, `password`, `programme`, `type`, `type_etudiant`) VALUES (10,2151101,NULL,NULL,NULL,NULL,NULL,NULL,NULL,NULL,NULL,NULL);
INSERT INTO `projetportailspringdb`.`Utilisateur` (`id_utilisateur`, `codep`,`ancien`, `date_naissance`, `email`, `nom`, `prenom`, `username`, `password`, `programme`, `type`, `type_etudiant`) VALUES (11,2151102,NULL,NULL,NULL,NULL,NULL,NULL,NULL,NULL,NULL,NULL);
INSERT INTO `projetportailspringdb`.`Utilisateur` (`id_utilisateur`, `codep`,`ancien`, `date_naissance`, `email`, `nom`, `prenom`, `username`, `password`, `programme`, `type`, `type_etudiant`) VALUES (12,2151103,NULL,NULL,NULL,NULL,NULL,NULL,NULL,NULL,NULL,NULL);
INSERT INTO `projetportailspringdb`.`Utilisateur` (`id_utilisateur`, `codep`,`ancien`, `date_naissance`, `email`, `nom`, `prenom`, `username`, `password`, `programme`, `type`, `type_etudiant`) VALUES (13,2151104,NULL,NULL,NULL,NULL,NULL,NULL,NULL,NULL,NULL,NULL);
INSERT INTO `projetportailspringdb`.`Utilisateur` (`id_utilisateur`, `codep`,`ancien`, `date_naissance`, `email`, `nom`, `prenom`, `username`, `password`, `programme`, `type`, `type_etudiant`) VALUES (14,2151105,NULL,NULL,NULL,NULL,NULL,NULL,NULL,NULL,NULL,NULL);
INSERT INTO `projetportailspringdb`.`Utilisateur` (`id_utilisateur`, `codep`,`ancien`, `date_naissance`, `email`, `nom`, `prenom`, `username`, `password`, `programme`, `type`, `type_etudiant`) VALUES (15,2151106,NULL,NULL,NULL,NULL,NULL,NULL,NULL,NULL,NULL,NULL);
INSERT INTO `projetportailspringdb`.`Utilisateur` (`id_utilisateur`, `codep`,`ancien`, `date_naissance`, `email`, `nom`, `prenom`, `username`, `password`, `programme`, `type`, `type_etudiant`) VALUES (16,2151107,NULL,NULL,NULL,NULL,NULL,NULL,NULL,NULL,NULL,NULL);
INSERT INTO `projetportailspringdb`.`Utilisateur` (`id_utilisateur`, `codep`,`ancien`, `date_naissance`, `email`, `nom`, `prenom`, `username`, `password`, `programme`, `type`, `type_etudiant`) VALUES (17,2151108,NULL,NULL,NULL,NULL,NULL,NULL,NULL,NULL,NULL,NULL);
INSERT INTO `projetportailspringdb`.`Utilisateur` (`id_utilisateur`, `codep`,`ancien`, `date_naissance`, `email`, `nom`, `prenom`, `username`, `password`, `programme`, `type`, `type_etudiant`) VALUES (18,2151109,NULL,NULL,NULL,NULL,NULL,NULL,NULL,NULL,NULL,NULL);
INSERT INTO `projetportailspringdb`.`Utilisateur` (`id_utilisateur`, `codep`,`ancien`, `date_naissance`, `email`, `nom`, `prenom`, `username`, `password`, `programme`, `type`, `type_etudiant`) VALUES (19,2151110,NULL,NULL,NULL,NULL,NULL,NULL,NULL,NULL,NULL,NULL);
INSERT INTO `projetportailspringdb`.`Utilisateur` (`id_utilisateur`, `codep`,`ancien`, `date_naissance`, `email`, `nom`, `prenom`, `username`, `password`, `programme`, `type`, `type_etudiant`) VALUES (20,2151111,NULL,NULL,NULL,NULL,NULL,NULL,NULL,NULL,NULL,NULL);
INSERT INTO `projetportailspringdb`.`Utilisateur` (`id_utilisateur`, `codep`,`ancien`, `date_naissance`, `email`, `nom`, `prenom`, `username`, `password`, `programme`, `type`, `type_etudiant`) VALUES (21,2840,NULL,NULL,NULL,NULL,NULL,NULL,NULL,NULL,NULL,NULL);
INSERT INTO `projetportailspringdb`.`Utilisateur` (`id_utilisateur`, `codep`,`ancien`, `date_naissance`, `email`, `nom`, `prenom`, `username`, `password`, `programme`, `type`, `type_etudiant`) VALUES (22,2841,NULL,NULL,NULL,NULL,NULL,NULL,NULL,NULL,NULL,NULL);
INSERT INTO `projetportailspringdb`.`Utilisateur` (`id_utilisateur`, `codep`,`ancien`, `date_naissance`, `email`, `nom`, `prenom`, `username`, `password`, `programme`, `type`, `type_etudiant`) VALUES (23,2842,NULL,NULL,NULL,NULL,NULL,NULL,NULL,NULL,NULL,NULL);
INSERT INTO `projetportailspringdb`.`Utilisateur` (`id_utilisateur`, `codep`,`ancien`, `date_naissance`, `email`, `nom`, `prenom`, `username`, `password`, `programme`, `type`, `type_etudiant`) VALUES (24,2843,NULL,NULL,NULL,NULL,NULL,NULL,NULL,NULL,NULL,NULL);
INSERT INTO `projetportailspringdb`.`Utilisateur` (`id_utilisateur`, `codep`,`ancien`, `date_naissance`, `email`, `nom`, `prenom`, `username`, `password`, `programme`, `type`, `type_etudiant`) VALUES (25,2844,NULL,NULL,NULL,NULL,NULL,NULL,NULL,NULL,NULL,NULL);
INSERT INTO `projetportailspringdb`.`Utilisateur` (`id_utilisateur`, `codep`,`ancien`, `date_naissance`, `email`, `nom`, `prenom`, `username`, `password`, `programme`, `type`, `type_etudiant`) VALUES (26,2845,NULL,NULL,NULL,NULL,NULL,NULL,NULL,NULL,NULL,NULL);
INSERT INTO `projetportailspringdb`.`Utilisateur` (`id_utilisateur`, `codep`,`ancien`, `date_naissance`, `email`, `nom`, `prenom`, `username`, `password`, `programme`, `type`, `type_etudiant`) VALUES (27,2846,NULL,NULL,NULL,NULL,NULL,NULL,NULL,NULL,NULL,NULL);
INSERT INTO `projetportailspringdb`.`Utilisateur` (`id_utilisateur`, `codep`,`ancien`, `date_naissance`, `email`, `nom`, `prenom`, `username`, `password`, `programme`, `type`, `type_etudiant`) VALUES (28,2847,NULL,NULL,NULL,NULL,NULL,NULL,NULL,NULL,NULL,NULL);
INSERT INTO `projetportailspringdb`.`Utilisateur` (`id_utilisateur`, `codep`,`ancien`, `date_naissance`, `email`, `nom`, `prenom`, `username`, `password`, `programme`, `type`, `type_etudiant`) VALUES (29,2848,NULL,NULL,NULL,NULL,NULL,NULL,NULL,NULL,NULL,NULL);
INSERT INTO `projetportailspringdb`.`Utilisateur` (`id_utilisateur`, `codep`,`ancien`, `date_naissance`, `email`, `nom`, `prenom`, `username`, `password`, `programme`, `type`, `type_etudiant`) VALUES (30,2849,NULL,NULL,NULL,NULL,NULL,NULL,NULL,NULL,NULL,NULL);
COMMIT;


-- -----------------------------------------------------
-- Data for table `projetportailspringdb`.`Cour`
-- -----------------------------------------------------
START TRANSACTION;
USE `projetportailspringdb`;
INSERT INTO `projetportailspringdb`.`Cour` (`id_cour`, `nom`) VALUES (1,'PRO-A23-RO');
INSERT INTO `projetportailspringdb`.`Cour` (`id_cour`, `nom`) VALUES (2,'SEC-A20-LO');
INSERT INTO `projetportailspringdb`.`Cour` (`id_cour`, `nom`) VALUES (3,'PWA-H23-RO');
INSERT INTO `projetportailspringdb`.`Cour` (`id_cour`, `nom`) VALUES (4,'RAD-A21-PW');
INSERT INTO `projetportailspringdb`.`Cour` (`id_cour`, `nom`) VALUES (5,'SRT-H23-PW');

COMMIT;

-- -----------------------------------------------------
-- Data for table `projetportailspringdb`.`Evaluation`
-- -----------------------------------------------------
START TRANSACTION;
USE `projetportailspringdb`;
INSERT INTO `projetportailspringdb`.`Evaluation` (`id_evaluation`, `code_perm_etud`, `code_perm_prof`, `note`, `appreciation`, `commentaire`) VALUES (1,2138934,8077,9,'Bon','mid af, EZ clap');
INSERT INTO `projetportailspringdb`.`Evaluation` (`id_evaluation`, `code_perm_etud`, `code_perm_prof`, `note`, `appreciation`, `commentaire`) VALUES (2,1378453,1192,3,'Mauvais','Get better');
INSERT INTO `projetportailspringdb`.`Evaluation` (`id_evaluation`, `code_perm_etud`, `code_perm_prof`, `note`, `appreciation`, `commentaire`) VALUES (3,3450923,2387,9,'Le prof en a vu meilleur','Bonne application de la structure.');


COMMIT;
-- -----------------------------------------------------
-- Data for table `projetportailspringdb`.`Experience`
-- -----------------------------------------------------
START TRANSACTION;
USE `projetportailspringdb`;
INSERT INTO `projetportailspringdb`.`Experience` (`id_experience`, `code_perm_prof`, `experience`) VALUES (1,2387,'esti que cest laid,fait meilleur');
INSERT INTO `projetportailspringdb`.`Experience` (`id_experience`, `code_perm_prof`, `experience`) VALUES (2,1192,'Je vais voler tes notes');
INSERT INTO `projetportailspringdb`.`Experience` (`id_experience`, `code_perm_prof`, `experience`) VALUES (3,9845,'Bien fait! Tres informative pour les etudiants de la 2e session!');
INSERT INTO `projetportailspringdb`.`Experience` (`id_experience`, `code_perm_prof`, `experience`) VALUES (4,2387,'Mediocre');

COMMIT;

-- -----------------------------------------------------
-- Data for table `projetportailspringdb`.`Projet`
-- -----------------------------------------------------
START TRANSACTION;
USE `projetportailspringdb`;
INSERT INTO `projetportailspringdb`.`Projet` (`id_projet`, `codep`, `date_de_creation`, `nom_projet`, `description`, `etudiants_participants`, `lien`, `lien_img`, `professeur_superviseur`, `profil_programme`, `cour_id_cour`) VALUES (1, 2138934, '2023-03-22', 'tictactoe', 'lotsa X lotsa O','2138934,1378453', 'www.git.com/not_sus/tictactoe','test.png' ,'ahamada','programmation',1);
INSERT INTO `projetportailspringdb`.`Projet` (`id_projet`, `codep`, `date_de_creation`, `nom_projet`, `description`, `etudiants_participants`, `lien`, `lien_img`, `professeur_superviseur`, `profil_programme`, `cour_id_cour`) VALUES (2, 2145637, '2023-03-22', 'securityTest', 'Doxxing Heisenberg',NULL, 'www.git.com/not_sus/securityTest','test.png' ,'lacoursiere','reseautique',3);
INSERT INTO `projetportailspringdb`.`Projet` (`id_projet`, `codep`, `date_de_creation`, `nom_projet`, `description`, `etudiants_participants`, `lien`, `lien_img`, `professeur_superviseur`, `profil_programme`, `cour_id_cour`) VALUES (3, 1378453, '2023-03-22', 'borealis', 'Taking away the ozone layer of the earth','2138934', 'www.git.com/not_sus/borealis','test.png' , 'lacoursiere','reseautique',2);
INSERT INTO `projetportailspringdb`.`Projet` (`id_projet`, `codep`, `date_de_creation`, `nom_projet`, `description`, `etudiants_participants`, `lien`, `lien_img`, `professeur_superviseur`, `profil_programme`, `cour_id_cour`) VALUES (4, 3450923, '2023-03-22', 'calculator', 'numbers and stuff','2138934,2145637', 'www.git.com/not_sus/calculator','test.png' , 'ahamada','programmation',5);

COMMIT;


-- -----------------------------------------------------
-- Data for table `projetportailspringdb`.`NoteCour`
-- -----------------------------------------------------
START TRANSACTION;
USE `projetportailspringdb`;
INSERT INTO `projetportailspringdb`.`NoteCour` (`id_notecours`, `cour_id`, `codep`, `date_de_creation`, `lien`, `nom_note_cour`) VALUES (1, 1 ,8077,'2023-03-22','www.git.com','CommentPython101');
INSERT INTO `projetportailspringdb`.`NoteCour` (`id_notecours`, `cour_id`, `codep`, `date_de_creation`, `lien`, `nom_note_cour`) VALUES (2, '1',9845,'2023-03-22','www.git.com','Java pour les nuls');
INSERT INTO `projetportailspringdb`.`NoteCour` (`id_notecours`, `cour_id`, `codep`, `date_de_creation`, `lien`, `nom_note_cour`) VALUES (3, '3',1192,'2023-03-22','www.git.com','OS Windows 101');
INSERT INTO `projetportailspringdb`.`NoteCour` (`id_notecours`, `cour_id`, `codep`, `date_de_creation`, `lien`, `nom_note_cour`) VALUES (4, '2',1192,'2023-03-22','www.git.com','OS Ubuntu 101');
INSERT INTO `projetportailspringdb`.`NoteCour` (`id_notecours`, `cour_id`, `codep`, `date_de_creation`, `lien`, `nom_note_cour`) VALUES (5, '5',2387,'2023-03-22','www.git.com','SQL injection pour les nuls');

COMMIT;

-- -----------------------------------------------------
-- Data for table `projetportailspringdb`.`Evaluation`
-- -----------------------------------------------------
START TRANSACTION;
USE `projetportailspringdb`;
UPDATE `projetportailspringdb`.`Evaluation` SET projet_id_projet=1 WHERE id_evaluation=1;
UPDATE `projetportailspringdb`.`Evaluation` SET projet_id_projet=3 WHERE id_evaluation=2;
UPDATE `projetportailspringdb`.`Evaluation` SET projet_id_projet=4 WHERE id_evaluation=3;
COMMIT;
-- -----------------------------------------------------
-- Data for table `projetportailspringdb`.`Experience`
-- -----------------------------------------------------
START TRANSACTION;
USE `projetportailspringdb`;
UPDATE `projetportailspringdb`.`Experience` SET note_id_notecours=1 WHERE id_experience=1;
UPDATE `projetportailspringdb`.`Experience` SET note_id_notecours=5 WHERE id_experience=2;
UPDATE `projetportailspringdb`.`Experience` SET note_id_notecours=3 WHERE id_experience=3;
UPDATE `projetportailspringdb`.`Experience` SET note_id_notecours=5 WHERE id_experience=4;
COMMIT;

-- -----------------------------------------------------
-- Data for table `projetportailspringdb`.`Tuteur`
-- -----------------------------------------------------
START TRANSACTION;
USE `projetportailspringdb`;
INSERT INTO `projetportailspringdb`.`Tuteur` (`id_tuteur`, `choix`, `codep`, `cour`, `disponibilite`, `type_rencontre`, `visibilite`) VALUES (1,0, 3450923, 'SRT-H23-PW','2023-05-15', 'enLigne', 0);
INSERT INTO `projetportailspringdb`.`Tuteur` (`id_tuteur`, `choix`, `codep`, `cour`, `disponibilite`, `type_rencontre`, `visibilite`) VALUES (2,0, 2387, 'PRO-A23-RO','2023-05-15', 'presentiel', 0);
INSERT INTO `projetportailspringdb`.`Tuteur` (`id_tuteur`, `choix`, `codep`, `cour`, `disponibilite`, `type_rencontre`, `visibilite`) VALUES (3,0, 8077, 'SEC-A20-LO','2023-05-15', 'enLigne', 0);
COMMIT;


-- -----------------------------------------------------
-- Data for table `projetportailspringdb`.`EtudiantDifficulte`
-- -----------------------------------------------------
START TRANSACTION;
USE `projetportailspringdb`;
INSERT INTO `projetportailspringdb`.`etudiant_difficulte` (`id_etudiant_difficulte`, `choix`, `codep`, `cour`, `description`, `disponibilite`, `type_rencontre`) VALUES (1,NULL, 1378453, 'SRT-H23-PW','bad with everything, pls help','2023-05-15', 'enLigne');

COMMIT;